orig_ratio,cgan_ratio,test_accuracy
1.00,0.00,0.992100
0.80,0.20,0.988400
0.70,0.30,0.987900
0.60,0.40,0.986800
0.50,0.50,0.985700