orig_ratio,cgan_ratio,test_accuracy
1.00,0.00,0.990900
0.80,0.20,0.984500
0.70,0.30,0.983300
0.60,0.40,0.983100
0.50,0.50,0.980600
