orig_ratio,cgan_ratio,test_accuracy
1.00,0.00,0.992700
0.80,0.20,0.981700
0.70,0.30,0.981100
0.60,0.40,0.979800
0.50,0.50,0.979000
