orig_ratio,cgan_ratio,test_accuracy
1.00,0.00,0.991300
0.80,0.20,0.984300
0.70,0.30,0.983800
0.60,0.40,0.981500
0.50,0.50,0.980400
