{
  "fid_baseline": 360.4793177741142,
  "kid_baseline_mean": 0.3483244705200195,
  "kid_baseline_std": 1.2651919518872833e-07,
  "fid_label_noise": 335.2807648259735,
  "kid_label_noise_mean": 0.33114792346954347,
  "kid_label_noise_std": 1.538492756357353e-07
}