{
  "fid_baseline": 360.4793177741142,
  "kid_baseline_mean": 0.3483244705200195,
  "kid_baseline_std": 1.2651919518872833e-07,
  "fid_label_noise": 338.2377926241173,
  "kid_label_noise_mean": 0.3545644474029541,
  "kid_label_noise_std": 1.4957797185285685e-07
}