orig_ratio,cgan_ratio,test_accuracy
1.00,0.00,0.916893
0.80,0.20,0.903857
0.70,0.30,0.895166
0.60,0.40,0.896252
0.50,0.50,0.883216
