orig_ratio,cgan_ratio,test_accuracy
1.00,0.00,0.915263
0.80,0.20,0.904943
0.70,0.30,0.896252
0.60,0.40,0.891363
0.50,0.50,0.850625
