orig_ratio,cgan_ratio,test_accuracy
1.00,0.00,0.991984
0.80,0.20,0.989980
0.70,0.30,0.987308
0.60,0.40,0.976620
0.50,0.50,0.973948
