{
  "fid_baseline": 322.2647198268348,
  "kid_baseline_mean": 0.21301040649414063,
  "kid_baseline_std": 0.002475135913839803,
  "fid_label_noise": 326.81579755881285,
  "kid_label_noise_mean": 0.22766478061676027,
  "kid_label_noise_std": 0.0029829539475668423
}