orig_ratio,cgan_ratio,test_accuracy
1.00,0.00,0.991316
0.80,0.20,0.985972
0.70,0.30,0.978624
0.60,0.40,0.972612
0.50,0.50,0.974616
