orig_ratio,cgan_ratio,test_accuracy
1.00,0.00,0.990648
0.80,0.20,0.987976
0.70,0.30,0.975952
0.60,0.40,0.983968
0.50,0.50,0.953240
