{
  "fid_baseline": 322.2647198268348,
  "kid_baseline_mean": 0.21301040649414063,
  "kid_baseline_std": 0.002475135913839803,
  "fid_label_noise": 319.6072110655682,
  "kid_label_noise_mean": 0.19309014320373535,
  "kid_label_noise_std": 0.0029579837967915992
}