{
  "fid_baseline": 322.2647198268348,
  "kid_baseline_mean": 0.21301040649414063,
  "kid_baseline_std": 0.002475135913839803,
  "fid_label_noise": 312.36610954037053,
  "kid_label_noise_mean": 0.18594837188720703,
  "kid_label_noise_std": 0.0024601982088708558
}