orig_ratio,cgan_ratio,test_accuracy
1.00,0.00,0.917436
0.80,0.20,0.906029
0.70,0.30,0.890277
0.60,0.40,0.884302
0.50,0.50,0.878870
